character	pinyin
爱	ai
八	ba
爸	ba
吧	ba
白	bai
百	bai
班	ban
半	ban
帮	bang
包	bao
杯	bei
北	bei
备	bei
本	ben
比	bi
边	bian
别	bie
病	bing
不	bu
菜	cai
茶	cha
差	cha
常	chang
场	chang
唱	chang
车	che
吃	chi
出	chu
穿	chuan
床	chuang
次	ci
从	cong
错	cuo
答	da
打	da
大	da
蛋	dan
到	dao
道	dao
得	de
地	di
的	de
等	deng
弟	di
第	di
点	dian
电	dian
店	dian
东	dong
动	dong
都	dou
读	du
对	dui
多	duo
饿	e
儿	er
二	er
饭	fan
方	fang
房	fang
放	fang
飞	fei
非	fei
分	fen
风	feng
服	fu
干	gan
高	gao
告	gao
哥	ge
歌	ge
个	ge
给	gei
跟	gen
工	gong
关	guan
馆	guan
贵	gui
国	guo
果	guo
过	guo
还	hai
孩	hai
汉	han
好	hao
号	hao
喝	he
和	he
很	hen
后	hou
候	hou
花	hua
话	hua
坏	huai
欢	huan
回	hui
会	hui
火	huo
机	ji
鸡	ji
几	ji
记	ji
家	jia
假	jia
间	jian
见	jian
教	jiao
叫	jiao
觉	jue
姐	jie
介	jie
今	jin
进	jin
京	jing
净	jing
九	jiu
就	jiu
开	kai
看	kan
考	kao
渴	ke
客	ke
课	ke
口	kou
块	kuai
快	kuai
来	lai
老	lao
了	le
累	lei
冷	leng
里	li
两	liang
零	ling
六	liu
楼	lou
路	lu
妈	ma
马	ma
吗	ma
买	mai
慢	man
忙	mang
毛	mao
么	me
没	mei
妹	mei
门	men
们	men
米	mi
面	mian
名	ming
明	ming
拿	na
哪	na
那	na
奶	nai
男	nan
南	nan
难	nan
脑	nao
呢	ne
能	neng
你	ni
年	nian
您	nin
牛	niu
女	nv
旁	pang
跑	pao
朋	peng
票	piao
七	qi
期	qi
起	qi
气	qi
汽	qi
前	qian
钱	qian
请	qing
球	qiu
去	qu
热	re
人	ren
认	ren
日	ri
肉	rou
三	san
山	shan
商	shang
上	shang
少	shao
绍	shao
身	shen
什	shen
生	sheng
师	shi
十	shi
时	shi
识	shi
事	shi
试	shi
视	shi
是	shi
手	shou
书	shu
树	shu
谁	shui
水	shui
睡	shui
说	shuo
四	si
送	song
诉	su
岁	sui
他	ta
她	ta
太	tai
体	ti
天	tian
条	tiao
听	ting
同	tong
图	tu
外	wai
玩	wan
晚	wan
网	wang
忘	wang
文	wen
问	wen
我	wo
五	wu
午	wu
西	xi
息	xi
习	xi
洗	xi
喜	xi
系	xi
下	xia
先	xian
现	xian
想	xiang
小	xiao
校	xiao
笑	xiao
些	xie
写	xie
谢	xie
新	xin
星	xing
行	xing
兴	xing
休	xiu
学	xue
样	yang
要	yao
爷	ye
也	ye
页	ye
一	yi
衣	yi
医	yi
影	ying
用	yong
友	you
有	you
右	you
雨	yu
语	yu
元	yuan
远	yuan
院	yuan
月	yue
再	zai
在	zai
早	zao
怎	zen
站	zhan
找	zhao
这	zhe
着	zhe
真	zhen
正	zheng
知	zhi
中	zhong
重	zhong
住	zhu
准	zhun
桌	zhuo
子	zi
字	zi
走	zou
最	zui
昨	zuo
左	zuo
作	zuo
坐	zuo
做	zuo
啊	a
安	an
般	ban
板	ban
办	ban
饱	bao
报	bao
背	bei
笔	bi
必	bi
变	bian
便	bian
遍	bian
表	biao
部	bu
才	cai
参	can
餐	can
草	cao
层	ceng
查	cha
长	zhang
超	chao
晨	chen
称	cheng
成	cheng
楚	chu
处	chu
船	chuan
吹	chui
春	chun
词	ci
带	dai
单	dan
但	dan
当	dang
倒	dao
灯	deng
低	di
典	dian
掉	diao
定	ding
冬	dong
懂	dong
度	du
短	duan
段	duan
队	dui
而	er
发	fa
法	fa
份	fen
封	feng
复	fu
该	gai
改	gai
感	gan
刚	gang
更	geng
公	gong
共	gong
狗	gou
够	gou
故	gu
顾	gu
观	guan
惯	guan
广	guang
海	hai
喊	han
合	he
河	he
黑	hei
红	hong
忽	hu
湖	hu
护	hu
划	hua
画	hua
换	huan
黄	huang
活	huo
或	huo
级	ji
急	ji
己	ji
计	ji
际	ji
绩	ji
加	jia
检	jian
件	jian
健	jian
讲	jiang
交	jiao
角	jiao
饺	jiao
脚	jiao
接	jie
街	jie
节	jie
结	jie
借	jie
斤	jin
近	jin
经	jing
睛	jing
静	jing
久	jiu
酒	jiu
举	ju
句	ju
卡	ka
康	kang
靠	kao
科	ke
可	ke
克	ke
刻	ke
空	kong
哭	ku
筷	kuai
拉	la
蓝	lan
篮	lan
乐	le
离	li
礼	li
理	li
力	li
利	li
例	li
脸	lian
练	lian
凉	liang
亮	liang
辆	liang
量	liang
留	liu
流	liu
旅	lv
绿	lv
论	lun
卖	mai
满	man
猫	mao
末	mo
目	mu
鸟	niao
弄	nong
努	nu
爬	pa
怕	pa
排	pai
碰	peng
篇	pian
片	pian
漂	piao
平	ping
瓶	ping
普	pu
其	qi
骑	qi
千	qian
墙	qiang
且	qie
青	qing
轻	qing
清	qing
情	qing
晴	qing
秋	qiu
求	qiu
取	qu
全	quan
确	que
然	ran
让	rang
如	ru
色	se
声	sheng
省	sheng
实	shi
食	shi
使	shi
示	shi
市	shi
适	shi
室	shi
收	shou
受	shou
舒	shu
熟	shu
数	shu
顺	shun
司	si
思	si
算	suan
虽	sui
随	sui
所	suo
它	ta
态	tai
堂	tang
讨	tao
套	tao
特	te
疼	teng
提	ti
题	ti
铁	tie
庭	ting
停	ting
挺	ting
通	tong
头	tou
推	tui
腿	tui
完	wan
碗	wan
万	wan
王	wang
往	wang
为	wei
位	wei
味	wei
喂	wei
温	wen
闻	wen
务	wu
物	wu
夏	xia
相	xiang
响	xiang
向	xiang
像	xiang
鞋	xie
心	xin
信	xin
姓	xing
须	xu
许	xu
选	xuan
雪	xue
言	yan
颜	yan
眼	yan
阳	yang
养	yang
药	yao
业	ye
夜	ye
宜	yi
已	yi
以	yi
椅	yi
亿	yi
意	yi
因	yin
阴	yin
音	yin
银	yin
印	yin
应	ying
英	ying
迎	ying
永	yong
由	you
油	you
游	you
又	you
于	yu
鱼	yu
育	yu
园	yuan
原	yuan
愿	yuan
越	yue
云	yun
运	yun
咱	zan
脏	zang
澡	zao
占	zhan
照	zhao
者	zhe
直	zhi
只	zhi
纸	zhi
钟	zhong
周	zhou
主	zhu
助	zhu
装	zhuang
自	zi
租	zu
组	zu
嘴	zui
座	zuo
按	an
把	ba
搬	ban
保	bao
被	bei
币	bi
标	biao
并	bing
播	bo
补	bu
布	bu
步	bu
材	cai
采	cai
彩	cai
曾	ceng
察	cha
产	chan
厂	chang
朝	chao
吵	chao
衬	chen
城	cheng
程	cheng
持	chi
充	chong
初	chu
除	chu
础	chu
传	chuan
创	chuang
此	ci
村	cun
存	cun
达	da
代	dai
待	dai
刀	dao
导	dao
底	di
调	diao
订	ding
断	duan
顿	dun
烦	fan
反	fan
范	fan
防	fang
访	fang
啡	fei
费	fei
丰	feng
否	fou
夫	fu
福	fu
父	fu
付	fu
负	fu
富	fu
概	gai
赶	gan
敢	gan
格	ge
各	ge
根	gen
功	gong
姑	gu
古	gu
挂	gua
怪	guai
管	guan
光	guang
规	gui
哈	ha
害	hai
何	he
互	hu
华	hua
化	hua
环	huan
婚	hun
积	ji
基	ji
及	ji
极	ji
集	ji
纪	ji
技	ji
济	ji
继	ji
价	jia
架	jia
坚	jian
简	jian
建	jian
将	jiang
蕉	jiao
较	jiao
解	jie
界	jie
金	jin
仅	jin
尽	jin
紧	jin
精	jing
景	jing
警	jing
境	jing
旧	jiu
救	jiu
具	ju
剧	ju
据	ju
决	jue
绝	jue
咖	ka
恐	kong
苦	ku
裤	ku
况	kuang
困	kun
浪	lang
类	lei
李	li
历	li
立	li
丽	li
连	lian
联	lian
烈	lie
领	ling
另	ling
龙	long
录	lu
乱	luan
落	luo
麻	ma
冒	mao
媒	mei
每	mei
美	mei
迷	mi
民	min
命	ming
某	mou
母	mu
木	mu
内	nei
念	nian
娘	niang
农	nong
暖	nuan
拍	pai
牌	pai
派	pai
判	pan
胖	pang
配	pei
批	pi
皮	pi
啤	pi
品	pin
评	ping
苹	ping
破	po
齐	qi
奇	qi
器	qi
强	qiang
桥	qiao
巧	qiao
切	qie
亲	qin
庆	qing
区	qu
缺	que
裙	qun
群	qun
任	ren
仍	reng
容	rong
赛	sai
散	san
沙	sha
衫	shan
善	shan
伤	shang
设	she
社	she
深	shen
神	shen
升	sheng
胜	sheng
失	shi
石	shi
始	shi
世	shi
式	shi
似	shi
势	shi
首	shou
输	shu
属	shu
术	shu
束	shu
双	shuang
死	si
速	su
台	tai
谈	tan
汤	tang
糖	tang
甜	tian
跳	tiao
痛	tong
突	tu
土	tu
团	tuan
退	tui
望	wang
危	wei
围	wei
伟	wei
卫	wei
握	wo
屋	wu
武	wu
舞	wu
误	wu
希	xi
戏	xi
显	xian
险	xian
线	xian
乡	xiang
香	xiang
箱	xiang
象	xiang
消	xiao
效	xiao
血	xue
形	xing
幸	xing
性	xing
修	xiu
需	xu
续	xu
宣	xuan
训	xun
压	ya
烟	yan
演	yan
验	yan
羊	yang
义	yi
艺	yi
议	yi
易	yi
营	ying
赢	ying
泳	yong
优	you
邮	you
预	yu
员	yuan
约	yue
杂	za
造	zao
责	ze
增	zeng
展	zhan
张	zhang
章	zhang
争	zheng
整	zheng
证	zheng
支	zhi
汁	zhi
值	zhi
职	zhi
止	zhi
指	zhi
至	zhi
志	zhi
制	zhi
终	zhong
种	zhong
众	zhong
猪	zhu
注	zhu
祝	zhu
抓	zhua
专	zhuan
转	zhuan
状	zhuang
追	zhui
资	zi
总	zong
足	zu
族	zu
阿	a
矮	ai
案	an
暗	an
巴	ba
摆	bai
败	bai
伴	ban
薄	bao
宝	bao
抱	bao
贝	bei
倍	bei
笨	ben
毕	bi
闭	bi
避	bi
编	bian
辩	bian
冰	bing
兵	bing
擦	ca
财	cai
操	cao
测	ce
抄	chao
潮	chao
彻	che
沉	chen
诚	cheng
承	cheng
迟	chi
尺	chi
冲	chong
虫	chong
抽	chou
窗	chuang
纯	chun
刺	ci
粗	cu
促	cu
寸	cun
措	cuo
袋	dai
戴	dai
担	dan
淡	dan
登	deng
敌	di
递	di
顶	ding
斗	dou
豆	dou
独	du
堵	du
肚	du
锻	duan
恶	e
耳	er
翻	fan
肥	fei
纷	fen
奋	fen
符	fu
府	fu
腐	fu
妇	fu
附	fu
盖	gai
隔	ge
供	gong
构	gou
购	gou
骨	gu
固	gu
瓜	gua
官	guan
逛	guang
归	gui
裹	guo
含	han
寒	han
航	hang
毫	hao
厚	hou
乎	hu
呼	hu
户	hu
怀	huai
缓	huan
挥	hui
汇	hui
伙	huo
货	huo
获	huo
圾	ji
激	ji
即	ji
季	ji
既	ji
寄	ji
减	jian
渐	jian
江	jiang
奖	jiang
降	jiang
阶	jie
巾	jin
劲	jin
禁	jin
惊	jing
竟	jing
镜	jing
究	jiu
居	ju
局	ju
巨	ju
距	ju
聚	ju
卷	juan
均	jun
棵	ke
宽	kuan
矿	kuang
扩	kuo
括	kuo
垃	la
辣	la
郎	lang
雷	lei
泪	lei
厘	li
俩	lia
炼	lian
良	liang
粮	liang
疗	liao
聊	liao
料	liao
列	lie
林	lin
临	lin
陆	lu
律	lv
虑	lv
率	lv
轮	lun
络	luo
码	ma
帽	mao
梦	meng
秘	mi
密	mi
免	mian
描	miao
摸	mo
模	mo
默	mo
闹	nao
宁	ning
浓	nong
盘	pan
培	pei
婆	po
迫	po
妻	qi
企	qi
浅	qian
穷	qiong
趋	qu
趣	qu
圈	quan
权	quan
泉	quan
却	que
燃	ran
弱	ruo
伞	san
扫	sao
森	sen
晒	shai
闪	shan
赏	shang
尚	shang
烧	shao
申	shen
甚	shen
诗	shi
施	shi
湿	shi
史	shi
士	shi
释	shi
守	shou
授	shou
售	shou
叔	shu
殊	shu
暑	shu
述	shu
刷	shua
帅	shuai
松	song
俗	su
塑	su
酸	suan
孙	sun
缩	suo
躺	tang
梯	ti
替	ti
填	tian
挑	tiao
贴	tie
童	tong
统	tong
投	tou
透	tou
途	tu
脱	tuo
袜	wa
弯	wan
微	wei
维	wei
尾	wei
未	wei
谓	wei
稳	wen
无	wu
吸	xi
席	xi
细	xi
鲜	xian
咸	xian
县	xian
限	xian
项	xiang
销	xiao
型	xing
醒	xing
兄	xiong
胸	xiong
秀	xiu
序	xu
寻	xun
迅	xun
牙	ya
亚	ya
呀	ya
延	yan
严	yan
研	yan
盐	yan
扬	yang
腰	yao
摇	yao
叶	ye
依	yi
姨	yi
移	yi
遗	yi
疑	yi
译	yi
益	yi
引	yin
映	ying
勇	yong
幼	you
余	yu
与	yu
玉	yu
遇	yu
圆	yuan
源	yuan
阅	yue
载	zai
赞	zan
则	ze
择	ze
战	zhan
丈	zhang
招	zhao
召	zhao
折	zhe
针	zhen
阵	zhen
征	zheng
政	zheng
之	zhi
植	zhi
址	zhi
质	zhi
治	zhi
致	zhi
智	zhi
置	zhi
逐	zhu
著	zhu
综	zong
阻	zu
碍	ai
岸	an
拔	ba
拜	bai
版	ban
扮	ban
棒	bang
悲	bei
辈	bei
鼻	bi
彼	bi
壁	bi
宾	bin
饼	bing
玻	bo
博	bo
猜	cai
裁	cai
册	ce
叉	cha
插	cha
拆	chai
柴	chai
肠	chang
尝	chang
偿	chang
倡	chang
乘	cheng
池	chi
愁	chou
丑	chou
臭	chou
厨	chu
触	chu
闯	chuang
辞	ci
聪	cong
脆	cui
呆	dai
贷	dai
胆	dan
旦	dan
弹	dan
挡	dang
德	de
丢	diu
冻	dong
洞	dong
毒	du
堆	dui
吨	dun
盾	dun
朵	duo
躲	duo
尔	er
乏	fa
罚	fa
繁	fan
返	fan
泛	fan
仿	fang
疯	feng
肤	fu
扶	fu
幅	fu
辅	fu
傅	fu
纲	gang
钢	gang
糕	gao
搞	gao
革	ge
沟	gou
估	gu
鼓	gu
冠	guan
鬼	gui
柜	gui
滚	gun
锅	guo
汗	han
豪	hao
核	he
盒	he
贺	he
恨	hen
猴	hou
胡	hu
糊	hu
虎	hu
滑	hua
慌	huang
灰	hui
恢	hui
悔	hui
惠	hui
击	ji
肌	ji
辑	ji
籍	ji
挤	ji
夹	jia
甲	jia
驾	jia
肩	jian
艰	jian
剪	jian
键	jian
郊	jiao
胶	jiao
戒	jie
届	jie
竞	jing
敬	jing
拒	ju
俱	ju
军	jun
烤	kao
颗	ke
咳	ke
肯	ken
控	kong
库	ku
款	kuan
狂	kuang
亏	kui
览	lan
烂	lan
朗	lang
劳	lao
梨	li
璃	li
厉	li
励	li
怜	lian
帘	lian
恋	lian
邻	lin
铃	ling
龄	ling
令	ling
漏	lou
逻	luo
骂	ma
漫	man
矛	mao
贸	mao
貌	mao
煤	mei
眠	mian
秒	miao
敏	min
摩	mo
漠	mo
幕	mu
奈	nai
耐	nai
偶	ou
陪	pei
赔	pei
喷	pen
盆	pen
披	pi
脾	pi
匹	pi
骗	pian
拼	pin
频	pin
凭	ping
泼	po
葡	pu
启	qi
弃	qi
签	qian
欠	qian
枪	qiang
抢	qiang
悄	qiao
敲	qiao
瞧	qiao
琴	qin
勤	qin
曲	qu
劝	quan
染	ran
扰	rao
绕	rao
忍	ren
扔	reng
荣	rong
绒	rong
软	ruan
润	run
洒	sa
杀	sha
傻	sha
扇	shan
稍	shao
蛇	she
舍	she
射	she
摄	she
伸	shen
剩	sheng
拾	shi
驶	shi
饰	shi
柿	shi
寿	shou
瘦	shou
蔬	shu
鼠	shu
摔	shuai
硕	shuo
私	si
搜	sou
肃	su
宿	su
碎	sui
损	sun
索	suo
锁	suo
抬	tai
坦	tan
逃	tao
桃	tao
萄	tao
厅	ting
偷	tou
吐	tu
兔	tu
托	tuo
违	wei
唯	wei
委	wei
胃	wei
慰	wei
卧	wo
污	wu
夕	xi
析	xi
悉	xi
惜	xi
吓	xia
闲	xian
献	xian
详	xiang
享	xiang
歇	xie
协	xie
斜	xie
辛	xin
欣	xin
雄	xiong
熊	xiong
虚	xu
询	xun
押	ya
鸭	ya
厌	yan
艳	yan
央	yang
邀	yao
咬	yao
乙	yi
忆	yi
谊	yi
饮	yin
硬	ying
拥	yong
幽	you
尤	you
犹	you
羽	yu
域	yu
豫	yu
怨	yuan
灾	zai
仔	zai
暂	zan
糟	zao
赠	zeng
摘	zhai
涨	zhang
掌	zhang
珍	zhen
诊	zhen
振	zhen
震	zhen
挣	zheng
织	zhi
执	zhi
珠	zhu
竹	zhu
筑	zhu
撞	zhuang
紫	zi
醉	zui
尊	zun
遵	zun
挨	ai
傲	ao
罢	ba
榜	bang
傍	bang
胞	bao
暴	bao
爆	bao
奔	ben
逼	bi
扁	bian
拨	bo
波	bo
捕	bu
踩	cai
残	can
惨	can
仓	cang
藏	cang
厕	ce
侧	ce
策	ce
昌	chang
畅	chang
炒	chao
撤	che
撑	cheng
崇	chong
宠	chong
储	chu
串	chuan
醋	cu
搭	da
诞	dan
党	dang
档	dang
岛	dao
蹈	dao
盗	dao
滴	di
抵	di
帝	di
吊	diao
跌	die
督	du
赌	du
渡	du
端	duan
蹲	dun
夺	duo
额	e
恩	en
番	fan
凡	fan
犯	fan
肺	fei
废	fei
氛	fen
粉	fen
愤	fen
峰	feng
锋	feng
奉	feng
佛	fu
浮	fu
副	fu
肝	gan
杆	gan
岗	gang
港	gang
稿	gao
攻	gong
宫	gong
巩	gong
贡	gong
孤	gu
谷	gu
股	gu
刮	gua
拐	guai
贯	guan
轨	gui
跪	gui
憾	han
耗	hao
狠	hen
横	heng
衡	heng
宏	hong
洪	hong
壶	hu
幻	huan
患	huan
皇	huang
辉	hui
毁	hui
绘	hui
慧	hui
昏	hun
混	hun
吉	ji
疾	ji
佳	jia
嘉	jia
尖	jian
监	jian
捡	jian
剑	jian
舰	jian
践	jian
鉴	jian
箭	jian
酱	jiang
骄	jiao
焦	jiao
揭	jie
杰	jie
洁	jie
截	jie
井	jing
径	jing
纠	jiu
捐	juan
菌	jun
刊	kan
抗	kang
扣	kou
酷	ku
跨	kua
阔	kuo
啦	la
赖	lai
栏	lan
懒	lan
牢	lao
梁	liang
谅	liang
裂	lie
灵	ling
炉	lu
露	lu
略	lve
嘛	ma
埋	mai
麦	mai
馒	man
盲	mang
梅	mei
蒙	meng
盟	meng
猛	meng
棉	mian
妙	miao
灭	mie
膜	mo
磨	mo
墨	mo
谋	mou
墓	mu
纳	na
泥	ni
扭	niu
怒	nu
诺	nuo
盼	pan
泡	pao
炮	pao
偏	pian
贫	pin
聘	pin
屏	ping
坡	po
扑	pu
铺	pu
欺	qi
旗	qi
恰	qia
迁	qian
牵	qian
铅	qian
谦	qian
潜	qian
歉	qian
茄	jia
侵	qin
倾	qing
渠	qu
券	quan
融	rong
乳	ru
若	ruo
塞	sai
丧	sang
勺	shao
舌	she
涉	she
审	shen
牲	sheng
圣	sheng
盛	sheng
薯	shu
爽	shuang
税	shui
寺	si
苏	su
素	su
塔	ta
踏	ta
叹	tan
探	tan
趟	tang
掏	tao
踢	ti
添	tian
田	tian
铜	tong
徒	tu
吞	tun
拖	tuo
挖	wa
娃	wa
哇	wa
湾	wan
顽	wan
亡	wang
旺	wang
威	wei
乌	wu
伍	wu
悟	wu
牺	xi
嫌	xian
陷	xian
祥	xiang
晓	xiao
胁	xie
谐	xie
械	xie
薪	xin
凶	xiong
袖	xiu
绪	xu
悬	xuan
旋	xuan
循	xun
讯	xun
炎	yan
沿	yan
宴	yan
洋	yang
仰	yang
氧	yang
耀	yao
野	ye
液	ye
仪	yi
异	yi
隐	yin
忧	you
娱	yu
愉	yu
予	yu
宇	yu
欲	yu
誉	yu
援	yuan
缘	yuan
跃	yue
晕	yun
允	yun
遭	zao
扎	zha
炸	zha
宅	zhai
债	zhai
账	zhang
障	zhang
哲	zhe
镇	zhen
症	zheng
枝	zhi
殖	zhi
忠	zhong
肿	zhong
粥	zhou
诸	zhu
煮	zhu
驻	zhu
柱	zhu
赚	zhuan
庄	zhuang
壮	zhuang
捉	zhuo
咨	zi
宗	zong
纵	zong
奏	zou
祖	zu
钻	zuan
罪	zui
哎	ai
哀	ai
癌	ai
蔼	ai
艾	ai
唉	ai
隘	ai
昂	ang
凹	ao
熬	ao
奥	ao
澳	ao
扒	ba
叭	ba
芭	ba
靶	ba
坝	ba
霸	ba
掰	bai
柏	bai
扳	ban
颁	ban
斑	ban
拌	ban
瓣	ban
邦	bang
绑	bang
谤	bang
磅	bang
镑	bang
煲	bao
堡	bao
豹	bao
曝	pu
卑	bei
碑	bei
狈	bei
惫	bei
崩	beng
绷	beng
蹦	beng
鄙	bi
毙	bi
痹	bi
碧	bi
蔽	bi
弊	bi
臂	bi
鞭	bian
贬	bian
辨	bian
辫	bian
飙	biao
憋	bie
彬	bin
滨	bin
缤	bin
丙	bing
秉	bing
柄	bing
剥	bo
伯	bo
驳	bo
泊	po
勃	bo
舶	bo
脖	bo
搏	bo
膊	bo
卜	bo
哺	bu
怖	bu
睬	cai
惭	can
灿	can
苍	cang
沧	cang
舱	cang
糙	cao
曹	cao
槽	cao
蹭	ceng
岔	cha
刹	sha
诧	cha
掺	can
搀	chan
馋	chan
禅	chan
缠	chan
铲	chan
阐	chan
颤	chan
猖	chang
嫦	chang
敞	chang
钞	chao
巢	chao
嘲	chao
扯	che
臣	chen
尘	chen
辰	chen
陈	chen
趁	chen
呈	cheng
惩	cheng
澄	cheng
橙	cheng
逞	cheng
秤	cheng
痴	chi
弛	chi
驰	chi
齿	chi
侈	chi
耻	chi
斥	chi
赤	chi
翅	chi
仇	chou
绸	chou
畴	chou
酬	chou
稠	chou
筹	chou
瞅	chou
橱	chu
畜	chu
揣	chuai
踹	chuai
川	chuan
喘	chuan
炊	chui
垂	chui
捶	chui
锤	chui
唇	chun
醇	chun
蠢	chun
戳	chuo
绰	chuo
瓷	ci
慈	ci
磁	ci
赐	ci
匆	cong
囱	cong
葱	cong
丛	cong
凑	cou
簇	cu
窜	cuan
催	cui
摧	cui
粹	cui
翠	cui
搓	cuo
磋	cuo
挫	cuo
歹	dai
逮	dai
怠	dai
丹	dan
耽	dan
荡	dang
叨	dao
捣	dao
祷	dao
悼	dao
稻	dao
蹬	deng
邓	deng
凳	deng
瞪	deng
堤	di
迪	di
涤	di
笛	di
蒂	di
缔	di
颠	dian
巅	dian
甸	dian
垫	dian
淀	dian
惦	dian
奠	dian
殿	dian
刁	diao
叼	diao
雕	diao
钓	diao
爹	die
迭	die
谍	die
叠	die
碟	die
丁	ding
叮	ding
盯	ding
鼎	ding
钉	ding
董	dong
栋	dong
兜	dou
抖	dou
陡	dou
逗	dou
睹	du
杜	du
妒	du
兑	dui
敦	dun
盹	dun
炖	dun
哆	duo
舵	duo
堕	duo
惰	duo
讹	e
俄	e
娥	e
鹅	e
厄	e
遏	e
鳄	e
饵	er
伐	fa
阀	fa
帆	fan
贩	fan
芳	fang
妨	fang
肪	fang
纺	fang
绯	fei
匪	fei
诽	fei
沸	fei
芬	fen
吩	fen
坟	fen
焚	fen
粪	fen
蜂	feng
冯	feng
逢	feng
缝	feng
讽	feng
凤	feng
孵	fu
敷	fu
伏	fu
俘	fu
袱	fu
辐	fu
抚	fu
斧	fu
俯	fu
咐	fu
赴	fu
赋	fu
腹	fu
缚	fu
覆	fu
尬	ga
丐	gai
钙	gai
溉	gai
甘	gan
竿	gan
尴	gan
冈	gang
缸	gang
杠	gang
膏	gao
戈	ge
胳	ge
鸽	ge
搁	ge
割	ge
阁	ge
耕	geng
耿	geng
弓	gong
恭	gong
躬	gong
拱	gong
勾	gou
钩	gou
沽	gu
菇	gu
辜	gu
雇	gu
寡	gua
卦	gua
乖	guai
棺	guan
灌	guan
罐	guan
龟	gui
闺	gui
瑰	gui
桂	gui
棍	gun
郭	guo
骇	hai
酣	han
函	han
涵	han
韩	han
罕	han
旱	han
捍	han
焊	han
撼	han
杭	hang
浩	hao
呵	he
禾	he
阂	he
荷	he
赫	he
鹤	he
嘿	hei
痕	hen
哼	heng
恒	heng
轰	hong
哄	hong
烘	hong
弘	hong
虹	hong
喉	hou
吼	hou
弧	hu
唬	hu
沪	hu
哗	hua
猾	hua
徊	huai
淮	huai
槐	huai
唤	huan
焕	huan
痪	huan
荒	huang
凰	huang
煌	huang
恍	huang
晃	huang
谎	huang
徽	hui
卉	hui
讳	hui
贿	hui
秽	hui
浑	hun
魂	hun
豁	huo
祸	huo
惑	huo
霍	huo
讥	ji
饥	ji
缉	ji
畸	ji
稽	ji
棘	ji
嫉	ji
脊	ji
忌	ji
剂	ji
迹	ji
祭	ji
寂	ji
颊	jia
贾	jia
嫁	jia
稼	jia
奸	jian
歼	jian
兼	jian
煎	jian
拣	jian
柬	jian
俭	jian
荐	jian
贱	jian
溅	jian
姜	jiang
浆	jiang
僵	jiang
疆	jiang
桨	jiang
匠	jiang
浇	jiao
娇	jiao
椒	jiao
跤	jiao
礁	jiao
嚼	jue
狡	jiao
绞	jiao
矫	jiao
搅	jiao
缴	jiao
轿	jiao
酵	jiao
皆	jie
劫	jie
捷	jie
竭	jie
诫	jie
津	jin
筋	jin
锦	jin
谨	jin
晋	jin
浸	jin
茎	jing
荆	jing
晶	jing
兢	jing
阱	jing
颈	jing
窘	jiong
揪	jiu
灸	jiu
舅	jiu
拘	ju
鞠	ju
菊	ju
橘	ju
沮	ju
矩	ju
炬	ju
惧	ju
锯	ju
倦	juan
诀	jue
掘	jue
崛	jue
爵	jue
倔	jue
君	jun
钧	jun
俊	jun
峻	jun
骏	jun
竣	jun
凯	kai
慨	kai
楷	kai
勘	kan
堪	kan
侃	kan
砍	kan
槛	kan
慷	kang
扛	kang
苛	ke
磕	ke
壳	ke
垦	ken
恳	ken
啃	ken
坑	keng
吭	keng
孔	kong
抠	kou
枯	ku
窟	ku
夸	kua
垮	kua
挎	kua
筐	kuang
旷	kuang
框	kuang
窥	kui
魁	kui
馈	kui
溃	kui
愧	kui
昆	kun
捆	kun
廓	kuo
喇	la
腊	la
蜡	la
兰	lan
拦	lan
婪	lan
澜	lan
揽	lan
缆	lan
滥	lan
狼	lang
廊	lang
捞	lao
姥	lao
唠	lao
涝	lao
勒	lei
垒	lei
磊	lei
蕾	lei
棱	leng
愣	leng
黎	li
吏	li
隶	li
粒	li
莲	lian
廉	lian
敛	lian
链	lian
辽	liao
僚	liao
寥	liao
潦	lao
咧	lie
劣	lie
猎	lie
拎	lin
淋	lin
赁	lin
凌	ling
陵	ling
岭	ling
溜	liu
刘	liu
浏	liu
瘤	liu
柳	liu
遛	liu
咙	long
胧	long
聋	long
笼	long
隆	long
窿	long
拢	long
垄	long
搂	lou
陋	lou
芦	lu
卤	lu
虏	lu
鲁	lu
赂	lu
鹿	lu
碌	lu
吕	lv
侣	lv
铝	lv
屡	lv
缕	lv
履	lv
滤	lv
孪	luan
卵	luan
掠	lve
抡	lun
伦	lun
罗	luo
萝	luo
螺	luo
裸	luo
迈	mai
脉	mai
蛮	man
瞒	man
蔓	man
芒	mang
氓	mang
茫	mang
莽	mang
茅	mao
髦	mao
茂	mao
玫	mei
枚	mei
眉	mei
霉	mei
昧	mei
媚	mei
魅	mei
闷	men
萌	meng
朦	meng
孟	meng
弥	mi
谜	mi
觅	mi
泌	mi
蜜	mi
绵	mian
勉	mian
缅	mian
苗	miao
瞄	miao
渺	miao
庙	miao
蔑	mie
鸣	ming
铭	ming
谬	miu
蘑	mo
魔	mo
抹	mo
沫	mo
陌	mo
莫	mo
寞	mo
牡	mu
亩	mu
姆	mu
沐	mu
牧	mu
募	mu
睦	mu
慕	mu
暮	mu
穆	mu
呐	na
乃	nai
囊	nang
挠	nao
恼	nao
馁	nei
嫩	nen
尼	ni
拟	ni
逆	ni
匿	ni
腻	ni
黏	nian
酿	niang
尿	niao
捏	nie
拧	ning
凝	ning
纽	niu
奴	nu
虐	nve
挪	nuo
哦	o
欧	ou
殴	ou
呕	ou
趴	pa
帕	pa
徘	pai
潘	pan
攀	pan
叛	pan
畔	pan
乓	pang
庞	pang
膀	bang
拋	pao
刨	pao
袍	pao
胚	pei
沛	pei
佩	pei
抨	peng
烹	peng
棚	peng
蓬	peng
鹏	peng
篷	peng
膨	peng
捧	peng
劈	pi
疲	pi
辟	pi
媲	pi
僻	pi
譬	pi
飘	piao
撇	pie
乒	ping
坪	ping
萍	ping
颇	po
魄	po
剖	pou
仆	pu
菩	pu
朴	pu
浦	pu
谱	pu
瀑	pu
沏	qi
栖	qi
凄	qi
戚	qi
漆	qi
歧	qi
祈	qi
棋	qi
乞	qi
岂	qi
迄	qi
泣	qi
契	qi
砌	qi
掐	qia
洽	qia
虔	qian
钳	qian
遣	qian
谴	qian
嵌	qian
呛	qiang
腔	qiang
乔	qiao
侨	qiao
俏	qiao
窍	qiao
翘	qiao
撬	qiao
怯	qie
窃	qie
钦	qin
秦	qin
禽	qin
寝	qin
擎	qing
顷	qing
丘	qiu
囚	qiu
驱	qu
屈	qu
躯	qu
娶	qu
拳	quan
犬	quan
雀	que
壤	rang
攘	rang
嚷	rang
饶	rao
惹	re
仁	ren
韧	ren
溶	rong
冗	rong
柔	rou
揉	rou
儒	ru
辱	ru
锐	rui
瑞	rui
撒	sa
萨	sa
桑	sang
嗓	sang
骚	sao
嫂	sao
臊	sao
僧	seng
纱	sha
砂	sha
鲨	sha
厦	sha
筛	shai
删	shan
煽	shan
擅	shan
膳	shan
赡	shan
捎	shao
梢	shao
哨	shao
奢	she
慑	she
绅	shen
肾	shen
渗	shen
慎	shen
绳	sheng
尸	shi
狮	shi
蚀	shi
矢	shi
氏	shi
侍	shi
逝	shi
嗜	shi
誓	shi
匙	shi
兽	shou
抒	shu
枢	shu
梳	shu
疏	shu
赎	shu
署	shu
蜀	shu
曙	shu
竖	shu
恕	shu
墅	shu
耍	shua
衰	shuai
甩	shuai
拴	shuan
栓	shuan
涮	shuan
霜	shuang
瞬	shun
烁	shuo
丝	si
斯	si
撕	si
伺	ci
祀	si
饲	si
肆	si
耸	song
讼	song
宋	song
诵	song
颂	song
艘	sou
嗽	sou
酥	su
溯	su
蒜	suan
髓	sui
遂	sui
隧	sui
嗦	suo
塌	ta
胎	tai
汰	tai
泰	tai
贪	tan
摊	tan
滩	tan
瘫	tan
坛	tan
痰	tan
潭	tan
毯	tan
炭	tan
碳	tan
唐	tang
塘	tang
膛	tang
倘	tang
淌	tang
烫	tang
涛	tao
滔	tao
陶	tao
淘	tao
腾	teng
藤	teng
剔	ti
屉	ti
剃	ti
涕	ti
惕	ti
舔	tian
帖	tie
廷	ting
亭	ting
艇	ting
捅	tong
桶	tong
筒	tong
凸	tu
秃	tu
涂	tu
屠	tu
颓	tui
屯	tun
驮	tuo
妥	tuo
拓	tuo
唾	tuo
蛙	wa
瓦	wa
歪	wai
丸	wan
挽	wan
惋	wan
婉	wan
腕	wan
汪	wang
枉	wang
妄	wang
伪	wei
纬	wei
萎	wei
畏	wei
魏	wei
瘟	wen
纹	wen
蚊	wen
吻	wen
紊	wen
翁	weng
涡	wo
窝	wo
沃	wo
巫	wu
呜	wu
吴	wu
侮	wu
捂	wu
勿	wu
晤	wu
雾	wu
昔	xi
晰	xi
稀	xi
锡	xi
溪	xi
熙	xi
熄	xi
膝	xi
嬉	xi
袭	xi
媳	xi
隙	xi
虾	xia
瞎	xia
侠	xia
峡	xia
狭	xia
辖	xia
霞	xia
仙	xian
纤	xian
掀	xian
贤	xian
弦	xian
衔	xian
宪	xian
馅	xian
羡	xian
腺	xian
厢	xiang
镶	xiang
翔	xiang
巷	xiang
橡	xiang
肖	xiao
削	xue
宵	xiao
萧	xiao
潇	xiao
淆	xiao
孝	xiao
啸	xiao
邪	xie
挟	xie
携	xie
泄	xie
泻	xie
卸	xie
屑	xie
懈	xie
芯	xin
馨	xin
衅	xin
猩	xing
腥	xing
刑	xing
汹	xiong
羞	xiu
朽	xiu
绣	xiu
锈	xiu
嗅	xiu
墟	xu
徐	xu
旭	xu
叙	xu
恤	xu
酗	xu
絮	xu
婿	xu
蓄	xu
喧	xuan
玄	xuan
炫	xuan
靴	xue
穴	xue
勋	xun
熏	xun
旬	xun
巡	xun
汛	xun
驯	xun
逊	xun
丫	ya
鸦	ya
芽	ya
崖	ya
涯	ya
哑	ya
雅	ya
讶	ya
咽	yan
淹	yan
岩	yan
阎	yan
衍	yan
掩	yan
雁	yan
焰	yan
燕	yan
殃	yang
秧	yang
杨	yang
痒	yang
漾	yang
妖	yao
窑	yao
谣	yao
遥	yao
钥	yao
椰	ye
冶	ye
伊	yi
夷	yi
怡	yi
矣	yi
倚	yi
屹	yi
亦	yi
抑	yi
役	yi
绎	yi
弈	yi
疫	yi
逸	yi
裔	yi
溢	yi
毅	yi
翼	yi
荫	yin
姻	yin
殷	yin
瘾	yin
婴	ying
鹰	ying
荧	ying
盈	ying
莹	ying
蝇	ying
颖	ying
佣	yong
庸	yong
咏	yong
涌	yong
踊	yong
悠	you
佑	you
诱	you
渔	yu
逾	yu
渝	yu
愚	yu
舆	yu
屿	yu
驭	yu
郁	yu
吁	xu
狱	yu
浴	yu
喻	yu
御	yu
寓	yu
裕	yu
愈	yu
冤	yuan
渊	yuan
袁	yuan
曰	yue
岳	yue
悦	yue
粤	yue
匀	yun
陨	yun
孕	yun
酝	yun
韵	yun
蕴	yun
砸	za
栽	zai
宰	zai
攒	zan
赃	zang
葬	zang
凿	zao
枣	zao
藻	zao
皂	zao
灶	zao
噪	zao
燥	zao
躁	zao
泽	ze
贼	zei
渣	zha
闸	zha
眨	zha
诈	zha
榨	zha
窄	zhai
寨	zhai
沾	zhan
粘	zhan
瞻	zhan
斩	zhan
盏	zhan
崭	zhan
绽	zhan
蘸	zhan
彰	zhang
仗	zhang
杖	zhang
帐	zhang
胀	zhang
沼	zhao
兆	zhao
赵	zhao
罩	zhao
肇	zhao
遮	zhe
辙	zhe
浙	zhe
贞	zhen
侦	zhen
枕	zhen
睁	zheng
筝	zheng
蒸	zheng
拯	zheng
郑	zheng
芝	zhi
肢	zhi
脂	zhi
旨	zhi
帜	zhi
峙	zhi
挚	zhi
秩	zhi
窒	zhi
滞	zhi
稚	zhi
衷	zhong
仲	zhong
舟	zhou
州	zhou
洲	zhou
轴	zhou
宙	zhou
昼	zhou
皱	zhou
骤	zhou
朱	zhu
株	zhu
烛	zhu
拄	zhu
嘱	zhu
瞩	zhu
贮	zhu
铸	zhu
爪	zhao
拽	zhuai
砖	zhuan
撰	zhuan
妆	zhuang
桩	zhuang
幢	chuang
坠	zhui
缀	zhui
拙	zhuo
灼	zhuo
卓	zhuo
浊	zhuo
酌	zhuo
琢	zuo
姿	zi
兹	zi
滋	zi
踪	zong
粽	zong
揍	zou
卒	zu
佐	zuo
